<?xml version="1.0" encoding="utf-8" ?>
<ESRI_ItemInformation Culture='en-US'>
<name>Utilities_Local</name>
<guid>AFBE2D31-51F5-4D81-A535-6C48D7B6BF5B</guid>
<catalogpath></catalogpath>
<snippet>RSW Utilities TPK</snippet>
<description>RSW Utilities TPK</description>
<summary>RSW Utilities TPK</summary>
<title>Utilities_Local</title>
<tags>RSW</tags>
<type>Tile Package</type>
<typekeywords>
<typekeyword>Data</typekeyword>
<typekeyword>Tile Package</typekeyword>
<typekeyword>ArcMap</typekeyword>
<typekeyword>ArcGlobe</typekeyword>
<typekeyword>tpk</typekeyword>
</typekeywords>
<thumbnail>thumbnail/thumbnail.png</thumbnail>
<documentation></documentation>
<url></url>
<datalastmodifiedtime></datalastmodifiedtime>
<extent>
<xmin>-81.7902620131719</xmin>
<ymin>26.5151946883105</ymin>
<xmax>-81.727679968347</xmax>
<ymax>26.5551345246508</ymax>
</extent>
<spatialreference>NAD_1983_StatePlane_Florida_West_FIPS_0902_Feet</spatialreference>
<accessinformation>RSW</accessinformation>
<licenseinfo></licenseinfo>
</ESRI_ItemInformation>
