<?xml version="1.0" encoding="utf-8" ?><CacheInfo xsi:type='typens:CacheInfo' xmlns:xsi='http://www.w3.org/2001/XMLSchema-instance' xmlns:xs='http://www.w3.org/2001/XMLSchema' xmlns:typens='http://www.esri.com/schemas/ArcGIS/10.1'><TileCacheInfo xsi:type='typens:TileCacheInfo'><SpatialReference xsi:type='typens:ProjectedCoordinateSystem'><WKT>PROJCS[&quot;NAD_1983_StatePlane_Florida_West_FIPS_0902_Feet&quot;,GEOGCS[&quot;GCS_North_American_1983&quot;,DATUM[&quot;D_North_American_1983&quot;,SPHEROID[&quot;GRS_1980&quot;,6378137.0,298.257222101]],PRIMEM[&quot;Greenwich&quot;,0.0],UNIT[&quot;Degree&quot;,0.0174532925199433]],PROJECTION[&quot;Transverse_Mercator&quot;],PARAMETER[&quot;False_Easting&quot;,656166.6666666665],PARAMETER[&quot;False_Northing&quot;,0.0],PARAMETER[&quot;Central_Meridian&quot;,-82.0],PARAMETER[&quot;Scale_Factor&quot;,0.9999411764705882],PARAMETER[&quot;Latitude_Of_Origin&quot;,24.33333333333333],UNIT[&quot;Foot_US&quot;,0.3048006096012192],AUTHORITY[&quot;EPSG&quot;,2237]]</WKT><XOrigin>-19635624.863148715</XOrigin><YOrigin>-43499464.826216832</YOrigin><XYScale>129909170.07139657</XYScale><ZOrigin>0</ZOrigin><ZScale>1</ZScale><MOrigin>-100000</MOrigin><MScale>10000</MScale><XYTolerance>0.0032808333333333331</XYTolerance><ZTolerance>2</ZTolerance><MTolerance>0.001</MTolerance><HighPrecision>true</HighPrecision><WKID>102659</WKID><LatestWKID>2237</LatestWKID></SpatialReference><TileOrigin xsi:type='typens:PointN'><X>-19635624.863148715</X><Y>25835126.794919208</Y></TileOrigin><TileCols>256</TileCols><TileRows>256</TileRows><DPI>96</DPI><PreciseDPI>96</PreciseDPI><LODInfos xsi:type='typens:ArrayOfLODInfo'><LODInfo xsi:type='typens:LODInfo'><LevelID>0</LevelID><Scale>45152</Scale><Resolution>39.194444444444443</Resolution></LODInfo><LODInfo xsi:type='typens:LODInfo'><LevelID>1</LevelID><Scale>22576</Scale><Resolution>19.597222222222221</Resolution></LODInfo><LODInfo xsi:type='typens:LODInfo'><LevelID>2</LevelID><Scale>11288</Scale><Resolution>9.7986111111111107</Resolution></LODInfo><LODInfo xsi:type='typens:LODInfo'><LevelID>3</LevelID><Scale>5644</Scale><Resolution>4.8993055555555554</Resolution></LODInfo><LODInfo xsi:type='typens:LODInfo'><LevelID>4</LevelID><Scale>2822</Scale><Resolution>2.4496527777777777</Resolution></LODInfo><LODInfo xsi:type='typens:LODInfo'><LevelID>5</LevelID><Scale>1411</Scale><Resolution>1.2248263888888888</Resolution></LODInfo></LODInfos></TileCacheInfo><TileImageInfo xsi:type='typens:TileImageInfo'><CacheTileFormat>PNG</CacheTileFormat><CompressionQuality>0</CompressionQuality><Antialiasing>false</Antialiasing></TileImageInfo><CacheStorageInfo xsi:type='typens:CacheStorageInfo'><StorageFormat>esriMapCacheStorageModeCompact</StorageFormat><PacketSize>128</PacketSize></CacheStorageInfo></CacheInfo>